{
  "stats": {
    "submitted": 20,
    "finished": 20,
    "running": 0
  },
  "data": [
    [
      1,
      null,
      209652396,
      null,
      5.002497759805078,
      259.72052359580994,
      1,
      1697106221.335413,
      1697106481.0567186,
      {}
    ],
    [
      1,
      null,
      398764591,
      null,
      1.267948221423309,
      239.06983757019043,
      1,
      1697106481.067336,
      1697106720.138145,
      {}
    ],
    [
      2,
      null,
      209652396,
      null,
      0.6782320961257392,
      242.08348965644836,
      1,
      1697106720.1529863,
      1697106962.2373989,
      {}
    ],
    [
      2,
      null,
      398764591,
      null,
      0.625084458909168,
      396.92113494873047,
      1,
      1697106962.2557569,
      1697107359.1778238,
      {}
    ],
    [
      2,
      null,
      924231285,
      null,
      0.6969818321043814,
      196.26106357574463,
      1,
      1697107359.2088377,
      1697107555.470998,
      {}
    ],
    [
      3,
      null,
      209652396,
      null,
      0.6833912694258463,
      7983.4667320251465,
      1,
      1697107555.487943,
      1697115538.9556394,
      {}
    ],
    [
      3,
      null,
      398764591,
      null,
      0.5156794865536551,
      7211.619763851166,
      1,
      1697115538.9718332,
      1697122750.5925465,
      {}
    ],
    [
      3,
      null,
      924231285,
      null,
      0.6574360300324914,
      10129.821823835373,
      1,
      1697122750.6152632,
      1697132880.4380622,
      {}
    ],
    [
      4,
      null,
      209652396,
      null,
      0.6100318801358307,
      1464.2288768291473,
      1,
      1697132880.453027,
      1697134344.682837,
      {}
    ],
    [
      4,
      null,
      398764591,
      null,
      3.141260499004972,
      1134.9982492923737,
      1,
      1697134344.6943617,
      1697135479.693559,
      {}
    ],
    [
      4,
      null,
      924231285,
      null,
      0.6164836393630748,
      1233.3878428936005,
      1,
      1697135479.7150526,
      1697136713.103839,
      {}
    ],
    [
      5,
      null,
      209652396,
      null,
      0.6018600183369768,
      253.7188675403595,
      1,
      1697136713.1143682,
      1697136966.8341887,
      {}
    ],
    [
      5,
      null,
      398764591,
      null,
      0.5905186418788773,
      254.3699595928192,
      1,
      1697136966.8421144,
      1697137221.21302,
      {}
    ],
    [
      5,
      null,
      924231285,
      null,
      0.38084995945318584,
      317.682740688324,
      1,
      1697137221.2242432,
      1697137538.9078827,
      {}
    ],
    [
      6,
      null,
      209652396,
      null,
      1.8985506057165231,
      1247.6049616336823,
      1,
      1697137538.9322605,
      1697138786.5381157,
      {}
    ],
    [
      6,
      null,
      398764591,
      null,
      1.2582038355424803,
      1252.054841041565,
      1,
      1697138786.5575347,
      1697140038.613291,
      {}
    ],
    [
      6,
      null,
      924231285,
      null,
      2.2539703300969243,
      1374.9186244010925,
      1,
      1697140038.6248205,
      1697141413.5443516,
      {}
    ],
    [
      7,
      null,
      209652396,
      null,
      0.6652882986781222,
      9654.042733430862,
      1,
      1697141413.5701976,
      1697151067.6138532,
      {}
    ],
    [
      7,
      null,
      398764591,
      null,
      0.6796589391436543,
      16977.85748887062,
      1,
      1697151067.6391535,
      1697168045.497631,
      {}
    ],
    [
      7,
      null,
      924231285,
      null,
      0.6906875074870297,
      7354.843914985657,
      1,
      1697168045.5083754,
      1697175400.3532126,
      {}
    ]
  ],
  "configs": {
    "1": {
      "batch_size": 28,
      "clip_norm": 124.11293909333101,
      "hidden_dim": 2,
      "learning_rate": 8.053527259767785e-09,
      "loss": "ListMLELoss:1",
      "model_name": "LateJoinSAGE",
      "op_embed_dim": 10,
      "num_gnns": 8
    },
    "2": {
      "batch_size": 78,
      "clip_norm": 40.613790423196725,
      "hidden_dim": 7,
      "learning_rate": 2.127600488343081e-05,
      "loss": "ListMLELoss:1,MSE:0.02",
      "model_name": "LateJoinSAGE",
      "op_embed_dim": 1,
      "num_gnns": 1
    },
    "3": {
      "batch_size": 51,
      "clip_norm": 157.38663953010717,
      "hidden_dim": 4,
      "learning_rate": 2.9999247094618037e-06,
      "loss": "ListMLELoss:1,MSE:0.02",
      "model_name": "EarlyJoinResGCN",
      "op_embed_dim": 6,
      "num_gnns": 5
    },
    "4": {
      "batch_size": 3,
      "clip_norm": 78.38578671825034,
      "hidden_dim": 10,
      "learning_rate": 0.006853028633162841,
      "loss": "MSE:1",
      "model_name": "EarlyJoinSAGE",
      "op_embed_dim": 5,
      "num_gnns": 8
    },
    "5": {
      "batch_size": 26,
      "clip_norm": 196.50627486425225,
      "hidden_dim": 6,
      "learning_rate": 0.06079826358397014,
      "loss": "ListMLELoss:1",
      "model_name": "EarlyJoinSAGE",
      "op_embed_dim": 8,
      "num_gnns": 4
    },
    "6": {
      "batch_size": 75,
      "clip_norm": 67.69463141179,
      "hidden_dim": 3,
      "learning_rate": 1.2792404045177695e-07,
      "loss": "MSE:1",
      "model_name": "EarlyJoinResGCN",
      "op_embed_dim": 4,
      "num_gnns": 6
    },
    "7": {
      "batch_size": 98,
      "clip_norm": 134.51550994395808,
      "hidden_dim": 9,
      "learning_rate": 0.00016311233206899901,
      "loss": "ListMLELoss:1,MSE:0.02",
      "model_name": "LateJoinResGCN",
      "op_embed_dim": 9,
      "num_gnns": 10
    }
  },
  "config_origins": {
    "1": "Initial Design: Sobol",
    "2": "Initial Design: Sobol",
    "3": "Initial Design: Sobol",
    "4": "Initial Design: Sobol",
    "5": "Initial Design: Sobol",
    "6": "Initial Design: Sobol",
    "7": "Initial Design: Sobol"
  }
}